words_list,words_list
in,146
netflix,134
queue,131
comedy,64
dark,47
atmospheric,41
and,34
ending,30
space,30
funny,28
bad,28
sci,27
visually,27
fi,27
crime,26
thought,25
provoking,25
superhero,25
twist,24
black,24
war,24
movie,24
disney,24
music,24
surreal,24
quirky,23
action,22
religion,22
suspense,21
travel,21
psychology,21
great,21
a,21
politics,20
appealing,20
business,20
illness,19
time,19
humor,18
school,18
mental,18
classic,18
soundtrack,18
good,18
plot,17
of,17
violence,17
on,17
high,17
king,17
animation,17
shakespeare,16
book,16
aliens,15
story,15
cinematography,15
disturbing,15
mindfuck,15
dialogue,15
world,15
best,14
men,14
stephen,14
dreamlike,14
journalism,13
beautiful,13
psychological,13
cult,13
mafia,13
holocaust,13
heist,13
based,13
emotional,13
top,12
anime,12
new,12
boxing,12
court,12
brothers,12
oscar,12
satire,12
christmas,12
death,12
remake,11
comic,11
drugs,11
ghosts,11
the,11
robots,11
adolescence,11
leonardo,11
imdb,11
bittersweet,11
250,11
post,11
adventure,11
fantasy,11
adultery,11
will,11
film,11
philosophical,11
sexuality,10
apocalyptic,10
india,10
romance,10
stylized,10
australia,10
killer,10
vietnam,10
york,10
dicaprio,10
tarantino,10
family,10
sequel,10
england,10
revenge,9
coen,9
murder,9
mystery,9
racism,9
military,9
creepy,9
tense,9
ben,9
r,9
tom,9
police,9
ii,9
heartwarming,9
hallucinatory,9
white,9
ferrell,9
divorce,8
commentary,8
big,8
spoof,8
clever,8
nick,8
martial,8
arts,8
john,8
serial,8
rogers,8
s,8
james,8
intelligent,8
magic,8
true,8
children,8
animal,8
show,8
race,8
pregnancy,7
steve,7
thriller,7
kidnapping,7
cerebral,7
writing,7
alternate,7
actress,7
assassination,7
corruption,7
disability,7
robert,7
screwball,7
long,7
multiple,7
bible,7
witty,7
predictable,7
intelligence,7
charles,7
not,7
prostitution,7
inspirational,7
characters,7
quentin,7
social,7
acting,7
gritty,7
jason,7
tv,7
opera,6
stiller,6
hit,6
dance,6
williams,6
wedding,6
love,6
future,6
michael,6
stupid,6
movies,6
stunning,6
dickens,6
marriage,6
violent,6
fun,6
twins,6
touching,6
gambling,6
astaire,6
zombies,6
dystopia,6
arthur,6
nonlinear,6
gothic,6
remade,6
nora,6
depressing,6
philosophy,6
friendship,6
l,6
epic,6
interesting,6
drama,6
terrorism,6
drag,6
africa,6
pixar,6
television,6
memory,6
sandler,5
baseball,5
president,5
storylines,5
cross,5
quotable,5
british,5
civil,5
paranoia,5
pacino,5
paced,5
original,5
organized,5
romantic,5
penalty,5
sarcasm,5
nudity,5
biopic,5
seth,5
samurai,5
ryan,5
noir,5
reality,5
pitt,5
sad,5
sports,5
christopher,5
brad,5
poignant,5
star,5
seen,5
reynolds,5
too,5
dogs,5
wizards,5
amnesia,5
unique,5
m,5
artificial,5
swashbuckler,5
e,5
america,5
ireland,5
judaism,5
aardman,5
existentialism,5
humorous,5
hepburn,5
lawyers,5
tracy,5
alcoholism,5
adam,5
dressing,5
homeless,5
me,5
horror,5
anti,5
al,5
assassin,5
stylish,5
abuse,5
heartbreaking,4
samuel,4
jackman,4
weird,4
bloody,4
jackson,4
blindness,4
train,4
comics,4
jane,4
hanks,4
western,4
cold,4
parody,4
paranoid,4
dc,4
scifi,4
scorsese,4
christian,4
horses,4
fairy,4
alfred,4
hugh,4
feel,4
holes,4
up,4
circus,4
amazing,4
evil,4
immigrants,4
hitchcock,4
priest,4
food,4
intense,4
paul,4
affleck,4
enigmatic,4
prison,4
fatherhood,4
poor,4
masterpiece,4
rome,4
crude,4
girl,4
marvel,4
grisham,4
language,4
cast,4
smart,4
linear,4
lloyd,4
martin,4
loneliness,4
austen,4
survival,4
moving,4
rogen,4
beat,4
rachel,4
x,4
george,4
south,4
smith,4
birds,4
jim,4
bale,4
tolkein,4
melancholy,4
basketball,4
norton,4
archaeology,4
edward,4
for,4
gyllenhaal,4
guns,4
controversial,4
demons,4
generation,4
carell,4
capote,3
hollywood,3
child,3
game,3
captain,3
fu,3
carrey,3
golf,3
henry,3
cera,3
character,3
football,3
hannibal,3
psychedelic,3
hardy,3
gun,3
hero,3
power,3
highly,3
hilarious,3
forster,3
graphic,3
rape,3
history,3
hitman,3
halloween,3
david,3
fast,3
nasa,3
non,3
nominated,3
nolan,3
kevin,3
niro,3
drug,3
nightclub,3
night,3
lack,3
nicholson,3
neeson,3
lewis,3
liam,3
notable,3
documentary,3
made,3
man,3
c,3
development,3
mark,3
motherhood,3
more,3
cry,3
mathematics,3
mockumentary,3
de,3
effects,3
jean,3
chris,3
irreverent,3
humour,3
gangsters,3
i,3
photography,3
city,3
insanity,3
ensemble,3
inspiring,3
class,3
intellectual,3
claustrophobic,3
clousseau,3
is,3
conspiracy,3
emma,3
it,3
overrated,3
college,3
italy,3
orphans,3
jack,3
jake,3
japan,3
con,3
off,3
obsession,3
06,3
gangster,3
scott,3
as,3
american,3
awesome,3
suspenseful,3
scientist,3
willis,3
sweet,3
tale,3
at,3
andy,3
teen,3
with,3
tennessee,3
bruce,3
terminal,3
brutality,3
whimsical,3
semitism,3
boring,3
blind,3
wars,3
society,3
slow,3
slasher,3
spying,3
video,3
silly,3
books,3
stone,3
short,3
stories,3
weisz,3
sexy,3
strong,3
ass,3
sort,3
tolkien,3
to,3
robin,3
tim,3
building,3
burton,3
anne,3
buscemi,3
art,3
1970s,3
timeline,3
artistic,3
artsy,3
transplants,3
moody,2
treasure,2
stop,2
jones,2
be,2
moon,2
bay,2
morality,2
modern,2
morgan,2
alba,2
stewart,2
eerie,2
edith,2
cyberpunk,2
batman,2
culture,2
dating,2
darth,2
daniel,2
jr,2
hunt,2
street,2
jazz,2
strange,2
dan,2
mind,2
vader,2
vampire,2
vampires,2
cynical,2
missionary,2
hospital,2
factory,2
steven,2
hornby,2
very,2
neo,2
jennifer,2
visuals,2
nazis,2
needed,2
spielberg,2
agatha,2
coppola,2
jessica,2
narrative,2
wall,2
bernard,2
spectator,2
cool,2
spaghetti,2
waltz,2
jesse,2
visual,2
narrated,2
apocalypse,2
aids,2
horrible,2
jude,2
much,2
stanley,2
father,2
stand,2
crane,2
my,2
virginity,2
jeff,2
myth,2
fbi,2
courtroom,2
feature,2
johnny,2
villain,2
studio,2
jared,2
study,2
androids,2
trains,2
leto,2
kids,2
endings,2
interracial,2
live,2
turns,2
tear,2
ironic,2
audience,2
doctors,2
twists,2
tales,2
unconventional,2
underestimated,2
disaster,2
lesbian,2
downbeat,2
submarine,2
test,2
theron,2
trek,2
theory,2
island,2
theater,2
travolta,2
than,2
dumb,2
downey,2
last,2
law,2
dr,2
trippy,2
lawyer,2
tension,2
lecter,2
system,2
luke,2
understated,2
imagination,2
supporting,2
depression,2
universe,2
babies,2
may,2
evans,2
amish,2
arnold,2
lyrical,2
meditative,2
earth,2
mel,2
dead,2
kubrick,2
suit,2
ballet,2
europe,2
marx,2
surfing,2
awkward,2
symbolism,2
dinosaurs,2
espionage,2
available,2
indiana,2
ridiculous,2
keanu,2
union,2
independent,2
award,2
tragic,2
design,2
surrealism,2
tight,2
no,2
female,2
jerker,2
bradbury,2
budget,2
wharton,2
peter,2
philip,2
sentimental,2
frontal,2
rudd,2
ruffalo,2
quinn,2
widowers,2
widows,2
brutal,2
from,2
russell,2
secret,2
seann,2
personals,2
fugitive,2
carter,2
performances,2
rasicm,2
harley,2
gibson,2
fish,2
flick,2
shaw,2
claymation,2
shark,2
1980s,2
clarke,2
full,2
radio,2
bonham,2
clancy,2
hammerstein,2
christoph,2
ford,2
christina,2
christie,2
pow,2
scenery,2
powerful,2
chess,2
scene,2
france,2
bromance,2
free,2
graham,2
satirical,2
scary,2
freaks,2
charlize,2
scandal,2
greene,2
psychiatrist,2
freedom,2
chick,2
political,2
script,2
was,2
poetic,2
brainwashing,2
william,2
bridges,2
china,2
psychopaths,2
science,2
goofy,2
schwarzenegger,2
guilt,2
freeman,2
schizophrenia,2
ray,2
franco,2
giamatti,2
or,2
slick,2
confusing,2
confrontational,2
adoption,2
offensive,2
fighting,2
reno,2
skywalker,2
computer,2
1920s,2
harris,2
figure,2
once,2
one,2
complicated,2
helena,2
hemingway,2
small,2
ads,2
son,2
gangs,2
heroine,2
ricci,2
heroin,2
heroic,2
butler,2
nuclear,2
cambodia,2
zombie,2
but,2
reunion,2
retro,2
sniper,2
skating,2
olympics,2
reflective,2
your,2
shyamalan,2
reeves,2
references,2
shots,2
1950s,2
hathaway,2
ghibli,2
weddings,2
cancer,2
reciprocal,2
rob,2
coma,2
harsh,2
simon,2
pan,2
bleak,2
futuristic,2
blood,2
bloodshed,2
shrimp,2
games,1
android,1
1960s,1
eisenberg,1
engrossing,1
1990s,1
about,1
end,1
embarassing,1
angeles,1
abortion,1
elegiac,1
2d,1
empire,1
angelina,1
70mm,1
apes,1
80,1
gal,1
2001,1
anthony,1
elegant,1
anthology,1
fucked,1
animated,1
friend,1
annoying,1
galaxy,1
anger,1
french,1
gadot,1
1900s,1
emilia,1
fiction,1
andrew,1
adams,1
fillion,1
far,1
alcatraz,1
families,1
falling,1
alcott,1
filmed,1
films,1
fail,1
financial,1
alicia,1
faerie,1
fincher,1
fingered,1
eyes,1
firefly,1
first,1
farrell,1
alan,1
filler,1
adrien,1
fetishism,1
adult,1
fetched,1
ferris,1
afghanistan,1
fiennes,1
fight,1
age,1
fatalistic,1
adorable,1
fennimore,1
aggressive,1
aging,1
addiction,1
adaptation,1
favelas,1
exquisite,1
expression,1
ancient,1
actors,1
ethics,1
estate,1
essence,1
foul,1
eric,1
episodic,1
amtrak,1
entirely,1
entertaining,1
entertainer,1
enterprise,1
abstract,1
absorbing,1
amy,1
franchise,1
francis,1
enjoyable,1
forecaster,1
eugene,1
eva,1
achronological,1
flood,1
allegorical,1
alone,1
existential,1
exciting,1
ex,1
alter,1
accident,1
academy,1
am,1
ewan,1
evolution,1
everything,1
americans,1
force,1
everyone,1
byatt,1
dialogues,1
aquarium,1
einstein,1
bizzare,1
blanchett,1
bloom,1
colourful,1
colorful,1
blowing,1
colin,1
cole,1
coke,1
bluegrass,1
board,1
bob,1
boksdrama,1
clooney,1
clock,1
climbing,1
cliche,1
boleyn,1
bomb,1
classics,1
bombs,1
claims,1
borg,1
boston,1
bowie,1
composer,1
computers,1
conan,1
bette,1
beethoven,1
corrupt,1
corporations,1
corp,1
cop,1
cooper,1
bending,1
berry,1
besson,1
conversation,1
convent,1
better,1
bizarre,1
biblical,1
biggs,1
content,1
biking,1
contender,1
contemplative,1
bill,1
consumerism,1
biography,1
connery,1
connelly,1
cinema,1
bowl,1
church,1
bunny,1
catholic,1
cate,1
bubba,1
buck,1
casual,1
bugs,1
casino,1
cash,1
casey,1
cartoon,1
bulow,1
carnival,1
celebrity,1
bus,1
capone,1
busniess,1
canada,1
can,1
camp,1
cameron,1
cameo,1
camels,1
california,1
cage,1
cattle,1
bros,1
chuck,1
cheeky,1
bowling,1
boys,1
choreography,1
chilly,1
chile,1
childish,1
brilliant,1
chef,1
britpop,1
cheesy,1
cheese,1
cheating,1
cgi,1
brittany,1
charlotte,1
broadway,1
brody,1
characterisation,1
brolin,1
bromantic,1
bronte,1
brooch,1
chan,1
challenging,1
costner,1
costume,1
beer,1
austere,1
asylum,1
doll,1
does,1
ate,1
dodie,1
atomic,1
doc,1
dobbler,1
audrey,1
diving,1
disjointed,1
discovery,1
done,1
disappointing,1
directorial,1
directing,1
dinosaur,1
dingo,1
diner,1
autism,1
autobots,1
different,1
dick,1
dicarpio,1
domestic,1
donkey,1
avary,1
artists,1
ego,1
ed,1
ark,1
economics,1
eccentric,1
easygoing,1
east,1
earnest,1
dwayne,1
dvd,1
arthouse,1
dust,1
dorothy,1
dumpster,1
dumas,1
dull,1
artwork,1
drive,1
dreamy,1
dreams,1
download,1
douglas,1
double,1
assassins,1
avant,1
aviation,1
cotillard,1
beatles,1
culkin,1
cryptic,1
cruel,1
crucifixion,1
crowe,1
criticism,1
crisis,1
criminals,1
bears,1
crichton,1
creature,1
beautifully,1
cuts,1
bechdel,1
creativity,1
creative,1
crazy,1
crappy,1
craig,1
bee,1
craft,1
covenant,1
been,1
coulda,1
cusack,1
cyborg,1
diabetes,1
deafness,1
dewinter,1
deschanel,1
aykroyd,1
depp,1
denzel,1
baby,1
deep,1
december,1
debut,1
back,1
backwards,1
deaf,1
d,1
deadpan,1
ballroom,1
bana,1
day,1
davis,1
bank,1
darger,1
dancing,1
damon,1
bates,1
dahl,1
cia,1
zooey,1
garcia,1
scrubbing,1
saw,1
scenario,1
scenes,1
scenic,1
score,1
scotland,1
screenplay,1
sean,1
saturday,1
secrets,1
see,1
seeing,1
segel,1
self,1
series,1
setting,1
savannah,1
samberg,1
spies,1
royal,1
robbie,1
roger,1
rogue,1
roles,1
rolling,1
romans,1
rosebud,1
royalty,1
salute,1
rug,1
rushmore,1
russia,1
ryder,1
saint,1
saints,1
salieri,1
seuss,1
sex,1
sexual,1
some,1
snipes,1
snl,1
soccer,1
societal,1
sofia,1
solitude,1
somber,1
something,1
seymour,1
sophisticated,1
southern,1
spacecraft,1
spacey,1
special,1
speech,1
spelling,1
slim,1
slavery,1
skiing,1
six,1
shangri,1
shenanigans,1
shia,1
ship,1
ships,1
shipwreck,1
siam,1
silent,1
simple,1
sinbad,1
singers,1
singletons,1
sirk,1
sisterhood,1
sisters,1
robbery,1
roald,1
road,1
preacher,1
pool,1
poorly,1
pop,1
porter,1
portman,1
postmodern,1
potter,1
predictible,1
protagonist,1
prejudice,1
prequel,1
pressly,1
prince,1
procedural,1
prodigies,1
prom,1
polecat,1
poetry,1
plotting,1
play,1
pegg,1
penn,1
people,1
personalities,1
peta,1
philosopical,1
photographer,1
pickens,1
picture,1
pigs,1
pisstake,1
pizza,1
plan,1
planes,1
plastic,1
propaganda,1
ptsd,1
river,1
restaurant,1
record,1
relationship,1
relaxing,1
remaster,1
remix,1
renee,1
representation,1
revolution,1
pudding,1
revolutionary,1
rich,1
rickman,1
right,1
rights,1
rings,1
rita,1
recap,1
rebellion,1
really,1
realistic,1
pulp,1
purity,1
purposefulness,1
python,1
quakers,1
queen,1
quick,1
rabbi,1
radcliffe,1
ralph,1
random,1
ransom,1
rap,1
rat,1
real,1
spiders,1
splatter,1
garde,1
veterinarian,1
using,1
van,1
vegas,1
venice,1
ventura,1
versus,1
vertriloquism,1
victoria,1
us,1
viggo,1
vikander,1
virtual,1
von,1
voyeurism,1
vulgar,1
wahlberg,1
useless,1
uplifting,1
splatters,1
undercover,1
truth,1
turkey,1
turow,1
twisted,1
uma,1
ummarti2006,1
uncomfortable,1
unexplained,1
updated,1
unintelligent,1
unlikely,1
unnecessary,1
unoriginal,1
unpredictable,1
unsettling,1
unusual,1
want,1
wapendrama,1
warren,1
woody,1
winner,1
winona,1
wistful,1
without,1
wolverine,1
women,1
wonderwoman,1
workplace,1
washington,1
wrongful,1
wry,1
you,1
younger,1
zellweger,1
zither,1
zoe,1
wine,1
wilson,1
wilde,1
wife,1
watch,1
watergate,1
wave,1
way,1
weak,1
weather,1
weber,1
wee,1
well,1
werewolf,1
wesley,1
whales,1
whedon,1
wheel,1
whoopi,1
truman,1
truckers,1
trip,1
surprise,1
suicide,1
summer,1
sundance,1
superb,1
superficial,1
superman,1
surgery,1
sustainability,1
takes,1
sustained,1
swan,1
swank,1
swinton,1
sword,1
symbolic,1
tactics,1
subway,1
suburbia,1
subtext,1
style,1
stage,1
stapler,1
start,1
state,1
station,1
statue,1
stock,1
stoner,1
stones,1
storyline,1
storytelling,1
stranded,1
strangers,1
streep,1
striking,1
tag,1
tautou,1
tricky,1
tolstoy,1
thurman,1
tilda,1
timberlake,1
titanic,1
tobacco,1
toga,1
tokyo,1
topless,1
teacher,1
toto,1
towns,1
tradition,1
tragedy,1
training,1
transvestite,1
trey,1
throat,1
thrilling,1
threesome,1
thor,1
teachers,1
team,1
tearjerking,1
technology,1
tedious,1
teenage,1
teenagers,1
televangelist,1
thanksgiving,1
thanos,1
theme,1
thewlis,1
they,1
this,1
thompson,1
pee,1
pearl,1
peace,1
insightful,1
indonesia,1
industry,1
infertility,1
inhumane,1
inigo,1
innovative,1
insane,1
insomnia,1
indie,1
insurance,1
interest,1
intertwining,1
interwoven,1
intimate,1
introspection,1
investor,1
individualism,1
indians,1
patrick,1
idolatry,1
hula,1
human,1
humane,1
hungary,1
hyde,1
ichabod,1
iconic,1
illusions,1
including,1
images,1
imaginary,1
imaginative,1
immigration,1
immortality,1
imprisonment,1
incest,1
invisibility,1
irony,1
issues,1
knights,1
kazan,1
keitel,1
kind,1
kingsley,1
kirk,1
klein,1
klingons,1
kung,1
istanbul,1
kunis,1
kurt,1
la,1
label,1
labeouf,1
large,1
las,1
kaufman,1
katie,1
k,1
justin,1
jackie,1
jaime,1
jay,1
jekyll,1
johnson,1
joker,1
jokes,1
jolie,1
jon,1
josh,1
joss,1
julianne,1
juliette,1
jungle,1
justice,1
hughes,1
huey,1
hudson,1
grim,1
gore,1
goretastic,1
governess,1
grace,1
grail,1
green,1
grey,1
gruesome,1
hammett,1
guardians,1
gulf,1
gump,1
gunfight,1
guy,1
hal,1
halle,1
goodman,1
goodie,1
golfing,1
golden,1
garfunkel,1
gary,1
geeky,1
gehrig,1
general,1
genius,1
genocide,1
gentle,1
ghost,1
giants,1
gintama,1
give,1
gogh,1
gold,1
goldberg,1
hamm,1
happpiness,1
howard,1
hop,1
historical,1
hoffman,1
hole,1
holism,1
holy,1
homosexuality,1
hoop,1
hope,1
happy,1
hopkins,1
horrid,1
hostage,1
hot,1
hotel,1
house,1
housekeeper,1
hippies,1
hip,1
hinton,1
hilary,1
harper,1
harrelson,1
harrison,1
harry,1
harvey,1
haunting,1
hawkeye,1
hayao,1
hayworth,1
hearings,1
hearst,1
heavy,1
here,1
herman,1
highschool,1
lawn,1
lawrence,1
lector,1
natalie,1
murray,1
mythology,1
nabokov,1
naivity,1
name,1
nanny,1
narnia,1
nathan,1
nightmare,1
native,1
navy,1
neil,1
neill,1
nemo,1
nerd,1
nerds,1
murphy,1
muppets,1
mrs,1
mozart,1
monologue,1
montoya,1
monty,1
moore,1
morrison,1
morrow,1
mortensen,1
moses,1
most,1
motherfucker,1
motivational,1
motors,1
mount,1
mountain,1
mower,1
nicolas,1
ninotchka,1
moldy,1
palahniuk,1
othello,1
out,1
overcomplicated,1
overdose,1
packed,1
pageant,1
painter,1
palahnuik,1
nocturnal,1
palme,1
parenthood,1
paris,1
park,1
parker,1
parrots,1
passion,1
orlando,1
organization,1
organised,1
order,1
nonexistent,1
nonsense,1
norman,1
nostalgia,1
nun,1
nuns,1
o,1
ocean,1
ock,1
ogres,1
oil,1
old,1
oldie,1
oldman,1
oninous,1
money,1
mobsters,1
lee,1
macfarlane,1
lovely,1
luc,1
lucas,1
ludlum,1
lynn,1
macaulay,1
macbeth,1
macho,1
margot,1
mad,1
maggie,1
magneto,1
mail,1
male,1
malkovich,1
many,1
louisa,1
lou,1
loss,1
los,1
left,1
leopard,1
lies,1
lieutenant,1
life,1
like,1
liners,1
lion,1
lions,1
lolita,1
lonesome,1
longing,1
looking,1
lord,1
loretta,1
marathon,1
marijuana,1
mobster,1
mila,1
metal,1
metaphorical,1
mexico,1
mice,1
michigan,1
middle,1
might,1
milkshake,1
marion,1
miller,1
mindless,1
mining,1
mirrors,1
missing,1
miyazaki,1
mma,1
meryl,1
mermaid,1
menacing,1
melodramatic,1
market,1
masculinity,1
matchmaker,1
matrix,1
matt,1
mcadams,1
mccarthy,1
mcdonalds,1
mcgregor,1
mcu,1
meaningless,1
mecha,1
mediacentralism,1
medieval,1
melancholic,1
katzanzakis,1
